series_id,step,timestamp,anglez,enmo
038441c925bb,0,2018-08-14T15:30:00-0400,2.6367,0.0217
038441c925bb,1,2018-08-14T15:30:05-0400,2.6368,0.0215
038441c925bb,2,2018-08-14T15:30:10-0400,2.637,0.0216
038441c925bb,3,2018-08-14T15:30:15-0400,2.6368,0.0213
038441c925bb,4,2018-08-14T15:30:20-0400,2.6368,0.0215
038441c925bb,5,2018-08-14T15:30:25-0400,2.6367,0.0217
038441c925bb,6,2018-08-14T15:30:30-0400,2.6367,0.0217
038441c925bb,7,2018-08-14T15:30:35-0400,2.6367,0.0218
038441c925bb,8,2018-08-14T15:30:40-0400,2.798,0.0223
038441c925bb,9,2018-08-14T15:30:45-0400,3.0847,0.0217
038441c925bb,10,2018-08-14T15:30:50-0400,2.7802,0.0229
038441c925bb,11,2018-08-14T15:30:55-0400,2.5205,0.0216
038441c925bb,12,2018-08-14T15:31:00-0400,2.4129,0.0218
038441c925bb,13,2018-08-14T15:31:05-0400,2.4129,0.0214
038441c925bb,14,2018-08-14T15:31:10-0400,2.4129,0.0214
038441c925bb,15,2018-08-14T15:31:15-0400,2.4129,0.0214
038441c925bb,16,2018-08-14T15:31:20-0400,2.4129,0.0215
038441c925bb,17,2018-08-14T15:31:25-0400,2.4132,0.0217
038441c925bb,18,2018-08-14T15:31:30-0400,49.8744,0.0395
038441c925bb,19,2018-08-14T15:31:35-0400,54.8498,0.0166
038441c925bb,20,2018-08-14T15:31:40-0400,44.0993,0.017
038441c925bb,21,2018-08-14T15:31:45-0400,67.3813,0.0102
038441c925bb,22,2018-08-14T15:31:50-0400,68.4605,0.0238
038441c925bb,23,2018-08-14T15:31:55-0400,37.7219,0.007
038441c925bb,24,2018-08-14T15:32:00-0400,30.0025,0.0082
038441c925bb,25,2018-08-14T15:32:05-0400,27.8679,0.0119
038441c925bb,26,2018-08-14T15:32:10-0400,28.5856,0.0115
038441c925bb,27,2018-08-14T15:32:15-0400,-6.6069,0.0691
038441c925bb,28,2018-08-14T15:32:20-0400,-79.9704,0.0132
038441c925bb,29,2018-08-14T15:32:25-0400,-79.9883,0.0136
038441c925bb,30,2018-08-14T15:32:30-0400,-79.9987,0.0134
038441c925bb,31,2018-08-14T15:32:35-0400,-79.978,0.0135
038441c925bb,32,2018-08-14T15:32:40-0400,-79.9694,0.0133
038441c925bb,33,2018-08-14T15:32:45-0400,-79.9688,0.0132
038441c925bb,34,2018-08-14T15:32:50-0400,-79.9688,0.0134
038441c925bb,35,2018-08-14T15:32:55-0400,-79.9908,0.0143
038441c925bb,36,2018-08-14T15:33:00-0400,-79.9688,0.0136
038441c925bb,37,2018-08-14T15:33:05-0400,-80.0073,0.0138
038441c925bb,38,2018-08-14T15:33:10-0400,-79.9927,0.014
038441c925bb,39,2018-08-14T15:33:15-0400,-79.9764,0.0135
038441c925bb,40,2018-08-14T15:33:20-0400,-79.9961,0.0135
038441c925bb,41,2018-08-14T15:33:25-0400,-79.9863,0.0137
038441c925bb,42,2018-08-14T15:33:30-0400,-79.9795,0.0134
038441c925bb,43,2018-08-14T15:33:35-0400,-79.9779,0.0135
038441c925bb,44,2018-08-14T15:33:40-0400,-80.0078,0.0135
038441c925bb,45,2018-08-14T15:33:45-0400,-79.9801,0.0132
038441c925bb,46,2018-08-14T15:33:50-0400,-80.0043,0.0138
038441c925bb,47,2018-08-14T15:33:55-0400,-80.0082,0.014
038441c925bb,48,2018-08-14T15:34:00-0400,-80.0143,0.0141
038441c925bb,49,2018-08-14T15:34:05-0400,-80.0156,0.0137
038441c925bb,50,2018-08-14T15:34:10-0400,-80.0147,0.0138
038441c925bb,51,2018-08-14T15:34:15-0400,-80.0253,0.0137
038441c925bb,52,2018-08-14T15:34:20-0400,-80.0124,0.0132
038441c925bb,53,2018-08-14T15:34:25-0400,-80.0147,0.0137
038441c925bb,54,2018-08-14T15:34:30-0400,-80.0067,0.0136
038441c925bb,55,2018-08-14T15:34:35-0400,-79.9932,0.0135
038441c925bb,56,2018-08-14T15:34:40-0400,-80.0123,0.0136
038441c925bb,57,2018-08-14T15:34:45-0400,-80.0128,0.0137
038441c925bb,58,2018-08-14T15:34:50-0400,-80.0081,0.0139
038441c925bb,59,2018-08-14T15:34:55-0400,-80.0093,0.0133
038441c925bb,60,2018-08-14T15:35:00-0400,-80.0103,0.0138
038441c925bb,61,2018-08-14T15:35:05-0400,-80.0015,0.0137
038441c925bb,62,2018-08-14T15:35:10-0400,-79.9834,0.0135
038441c925bb,63,2018-08-14T15:35:15-0400,-79.9921,0.014
038441c925bb,64,2018-08-14T15:35:20-0400,-80.0107,0.0132
038441c925bb,65,2018-08-14T15:35:25-0400,-80.0235,0.0138
038441c925bb,66,2018-08-14T15:35:30-0400,-80.003,0.0134
038441c925bb,67,2018-08-14T15:35:35-0400,-80.0785,0.0132
038441c925bb,68,2018-08-14T15:35:40-0400,-80.1235,0.0128
038441c925bb,69,2018-08-14T15:35:45-0400,-79.9816,0.0133
038441c925bb,70,2018-08-14T15:35:50-0400,-79.9827,0.0131
038441c925bb,71,2018-08-14T15:35:55-0400,-80.0148,0.0132
038441c925bb,72,2018-08-14T15:36:00-0400,-80.0349,0.0131
038441c925bb,73,2018-08-14T15:36:05-0400,-80.2244,0.0131
038441c925bb,74,2018-08-14T15:36:10-0400,-80.1706,0.0134
038441c925bb,75,2018-08-14T15:36:15-0400,-80.0352,0.0135
038441c925bb,76,2018-08-14T15:36:20-0400,-79.9922,0.0132
038441c925bb,77,2018-08-14T15:36:25-0400,-80.028,0.0132
038441c925bb,78,2018-08-14T15:36:30-0400,-79.9945,0.0132
038441c925bb,79,2018-08-14T15:36:35-0400,-79.9779,0.0133
038441c925bb,80,2018-08-14T15:36:40-0400,-79.9692,0.0129
038441c925bb,81,2018-08-14T15:36:45-0400,-79.9723,0.0127
038441c925bb,82,2018-08-14T15:36:50-0400,-80.0237,0.0133
038441c925bb,83,2018-08-14T15:36:55-0400,-80.0701,0.0132
038441c925bb,84,2018-08-14T15:37:00-0400,-79.9982,0.0133
038441c925bb,85,2018-08-14T15:37:05-0400,-79.9769,0.0129
038441c925bb,86,2018-08-14T15:37:10-0400,-79.9843,0.0131
038441c925bb,87,2018-08-14T15:37:15-0400,-79.9805,0.013
038441c925bb,88,2018-08-14T15:37:20-0400,-79.9723,0.0124
038441c925bb,89,2018-08-14T15:37:25-0400,-79.9695,0.0131
038441c925bb,90,2018-08-14T15:37:30-0400,-79.9795,0.0127
038441c925bb,91,2018-08-14T15:37:35-0400,-80.0034,0.0133
038441c925bb,92,2018-08-14T15:37:40-0400,-80.0527,0.0131
038441c925bb,93,2018-08-14T15:37:45-0400,-79.9882,0.0128
038441c925bb,94,2018-08-14T15:37:50-0400,-79.9818,0.0128
038441c925bb,95,2018-08-14T15:37:55-0400,-80.0136,0.0128
038441c925bb,96,2018-08-14T15:38:00-0400,-80.0076,0.0136
038441c925bb,97,2018-08-14T15:38:05-0400,-80.1367,0.0135
038441c925bb,98,2018-08-14T15:38:10-0400,-80.1118,0.0132
038441c925bb,99,2018-08-14T15:38:15-0400,-80.0512,0.013
038441c925bb,100,2018-08-14T15:38:20-0400,-80.1183,0.0131
038441c925bb,101,2018-08-14T15:38:25-0400,-80.146,0.0132
038441c925bb,102,2018-08-14T15:38:30-0400,-80.2088,0.0133
038441c925bb,103,2018-08-14T15:38:35-0400,-80.1676,0.0133
038441c925bb,104,2018-08-14T15:38:40-0400,-80.1454,0.0131
038441c925bb,105,2018-08-14T15:38:45-0400,-80.0571,0.0132
038441c925bb,106,2018-08-14T15:38:50-0400,-80.1443,0.0134
038441c925bb,107,2018-08-14T15:38:55-0400,-80.1064,0.0133
038441c925bb,108,2018-08-14T15:39:00-0400,-80.1728,0.0132
038441c925bb,109,2018-08-14T15:39:05-0400,-80.0667,0.0126
038441c925bb,110,2018-08-14T15:39:10-0400,-80.0104,0.0132
038441c925bb,111,2018-08-14T15:39:15-0400,-80.1347,0.0131
038441c925bb,112,2018-08-14T15:39:20-0400,-80.1983,0.0128
038441c925bb,113,2018-08-14T15:39:25-0400,-80.2131,0.0132
038441c925bb,114,2018-08-14T15:39:30-0400,-80.221,0.0128
038441c925bb,115,2018-08-14T15:39:35-0400,-80.0286,0.013
038441c925bb,116,2018-08-14T15:39:40-0400,-80.1893,0.0128
038441c925bb,117,2018-08-14T15:39:45-0400,-80.1537,0.0128
038441c925bb,118,2018-08-14T15:39:50-0400,-80.1541,0.0134
038441c925bb,119,2018-08-14T15:39:55-0400,-80.0969,0.0128
038441c925bb,120,2018-08-14T15:40:00-0400,-79.9999,0.0127
038441c925bb,121,2018-08-14T15:40:05-0400,-80.1867,0.0132
038441c925bb,122,2018-08-14T15:40:10-0400,-80.2331,0.0136
038441c925bb,123,2018-08-14T15:40:15-0400,-80.2026,0.0129
038441c925bb,124,2018-08-14T15:40:20-0400,-80.204,0.0133
038441c925bb,125,2018-08-14T15:40:25-0400,-80.1969,0.0133
038441c925bb,126,2018-08-14T15:40:30-0400,-80.1501,0.0131
038441c925bb,127,2018-08-14T15:40:35-0400,-80.174,0.0132
038441c925bb,128,2018-08-14T15:40:40-0400,-80.1996,0.0127
038441c925bb,129,2018-08-14T15:40:45-0400,-80.2173,0.0127
038441c925bb,130,2018-08-14T15:40:50-0400,-80.215,0.0131
038441c925bb,131,2018-08-14T15:40:55-0400,-80.1588,0.0134
038441c925bb,132,2018-08-14T15:41:00-0400,-80.1321,0.0136
038441c925bb,133,2018-08-14T15:41:05-0400,-80.1596,0.013
038441c925bb,134,2018-08-14T15:41:10-0400,-80.0201,0.0132
038441c925bb,135,2018-08-14T15:41:15-0400,-80.0648,0.0131
038441c925bb,136,2018-08-14T15:41:20-0400,-80.2148,0.0136
038441c925bb,137,2018-08-14T15:41:25-0400,-80.1581,0.0133
038441c925bb,138,2018-08-14T15:41:30-0400,-80.1581,0.0128
038441c925bb,139,2018-08-14T15:41:35-0400,-80.1846,0.0133
038441c925bb,140,2018-08-14T15:41:40-0400,-80.2047,0.0134
038441c925bb,141,2018-08-14T15:41:45-0400,-80.1316,0.013
038441c925bb,142,2018-08-14T15:41:50-0400,-80.0369,0.0134
038441c925bb,143,2018-08-14T15:41:55-0400,-80.1576,0.0138
038441c925bb,144,2018-08-14T15:42:00-0400,-80.1869,0.0136
038441c925bb,145,2018-08-14T15:42:05-0400,-79.9906,0.0135
038441c925bb,146,2018-08-14T15:42:10-0400,-80.029,0.0136
038441c925bb,147,2018-08-14T15:42:15-0400,-80.0093,0.0137
038441c925bb,148,2018-08-14T15:42:20-0400,-80.0669,0.0135
038441c925bb,149,2018-08-14T15:42:25-0400,-80.1535,0.0136
038441c925bb,150,2018-08-14T15:42:30-0400,-80.1865,0.0133
038441c925bb,151,2018-08-14T15:42:35-0400,-80.2333,0.0133
038441c925bb,152,2018-08-14T15:42:40-0400,-80.2373,0.0134
038441c925bb,153,2018-08-14T15:42:45-0400,-80.2059,0.0134
038441c925bb,154,2018-08-14T15:42:50-0400,-80.0362,0.0134
038441c925bb,155,2018-08-14T15:42:55-0400,-80.2351,0.0137
038441c925bb,156,2018-08-14T15:43:00-0400,-80.4396,0.0137
038441c925bb,157,2018-08-14T15:43:05-0400,-80.4528,0.0136
038441c925bb,158,2018-08-14T15:43:10-0400,-80.4528,0.0138
038441c925bb,159,2018-08-14T15:43:15-0400,-80.4528,0.0139
038441c925bb,160,2018-08-14T15:43:20-0400,-80.4528,0.014
038441c925bb,161,2018-08-14T15:43:25-0400,-80.4528,0.0135
038441c925bb,162,2018-08-14T15:43:30-0400,-80.4528,0.0136
038441c925bb,163,2018-08-14T15:43:35-0400,-80.4528,0.0135
038441c925bb,164,2018-08-14T15:43:40-0400,-80.4528,0.014
038441c925bb,165,2018-08-14T15:43:45-0400,-80.3687,0.0136
038441c925bb,166,2018-08-14T15:43:50-0400,-80.3062,0.014
038441c925bb,167,2018-08-14T15:43:55-0400,-80.3734,0.0132
038441c925bb,168,2018-08-14T15:44:00-0400,-80.2223,0.0139
038441c925bb,169,2018-08-14T15:44:05-0400,-80.3507,0.0141
038441c925bb,170,2018-08-14T15:44:10-0400,-80.4133,0.0137
038441c925bb,171,2018-08-14T15:44:15-0400,-80.2451,0.0136
038441c925bb,172,2018-08-14T15:44:20-0400,-83.3479,0.0147
038441c925bb,173,2018-08-14T15:44:25-0400,-81.4685,0.0142
038441c925bb,174,2018-08-14T15:44:30-0400,-80.6619,0.0136
038441c925bb,175,2018-08-14T15:44:35-0400,-80.6619,0.0134
038441c925bb,176,2018-08-14T15:44:40-0400,-80.6619,0.0137
038441c925bb,177,2018-08-14T15:44:45-0400,-80.5819,0.0138
038441c925bb,178,2018-08-14T15:44:50-0400,-80.4484,0.0135
038441c925bb,179,2018-08-14T15:44:55-0400,-80.7332,0.0136
038441c925bb,180,2018-08-14T15:45:00-0400,-80.6649,0.0148
038441c925bb,181,2018-08-14T15:45:05-0400,-80.5492,0.0134
038441c925bb,182,2018-08-14T15:45:10-0400,-80.6435,0.0136
038441c925bb,183,2018-08-14T15:45:15-0400,-80.5717,0.0134
038441c925bb,184,2018-08-14T15:45:20-0400,-80.66,0.0137
038441c925bb,185,2018-08-14T15:45:25-0400,-80.4935,0.0138
038441c925bb,186,2018-08-14T15:45:30-0400,-80.4398,0.0138
038441c925bb,187,2018-08-14T15:45:35-0400,-80.5554,0.0137
038441c925bb,188,2018-08-14T15:45:40-0400,-80.5294,0.0134
038441c925bb,189,2018-08-14T15:45:45-0400,-80.6725,0.0135
038441c925bb,190,2018-08-14T15:45:50-0400,-80.6176,0.014
038441c925bb,191,2018-08-14T15:45:55-0400,-80.4483,0.0133
038441c925bb,192,2018-08-14T15:46:00-0400,-80.4395,0.0136
038441c925bb,193,2018-08-14T15:46:05-0400,-80.4395,0.0134
038441c925bb,194,2018-08-14T15:46:10-0400,-80.4414,0.0137
038441c925bb,195,2018-08-14T15:46:15-0400,-80.4408,0.0134
038441c925bb,196,2018-08-14T15:46:20-0400,-80.4395,0.0137
038441c925bb,197,2018-08-14T15:46:25-0400,-80.4416,0.0133
038441c925bb,198,2018-08-14T15:46:30-0400,-80.443,0.0133
038441c925bb,199,2018-08-14T15:46:35-0400,-80.4443,0.0134
038441c925bb,200,2018-08-14T15:46:40-0400,-80.4424,0.0134
038441c925bb,201,2018-08-14T15:46:45-0400,-80.4445,0.0133
038441c925bb,202,2018-08-14T15:46:50-0400,-80.4395,0.014
038441c925bb,203,2018-08-14T15:46:55-0400,-80.4414,0.0138
038441c925bb,204,2018-08-14T15:47:00-0400,-80.452,0.0137
038441c925bb,205,2018-08-14T15:47:05-0400,-80.4408,0.0133
038441c925bb,206,2018-08-14T15:47:10-0400,-80.4715,0.0133
038441c925bb,207,2018-08-14T15:47:15-0400,-80.6755,0.0132
038441c925bb,208,2018-08-14T15:47:20-0400,-80.6755,0.0139
038441c925bb,209,2018-08-14T15:47:25-0400,-80.6139,0.0135
038441c925bb,210,2018-08-14T15:47:30-0400,-80.2114,0.0133
038441c925bb,211,2018-08-14T15:47:35-0400,-80.2262,0.0132
038441c925bb,212,2018-08-14T15:47:40-0400,-80.3277,0.014
038441c925bb,213,2018-08-14T15:47:45-0400,-80.4129,0.0133
038441c925bb,214,2018-08-14T15:47:50-0400,-80.4395,0.0139
038441c925bb,215,2018-08-14T15:47:55-0400,-80.4395,0.0134
038441c925bb,216,2018-08-14T15:48:00-0400,-80.4395,0.0135
038441c925bb,217,2018-08-14T15:48:05-0400,-80.4342,0.0135
038441c925bb,218,2018-08-14T15:48:10-0400,-80.4173,0.0137
038441c925bb,219,2018-08-14T15:48:15-0400,-80.4129,0.0135
038441c925bb,220,2018-08-14T15:48:20-0400,-80.3062,0.0137
038441c925bb,221,2018-08-14T15:48:25-0400,-80.4395,0.0137
038441c925bb,222,2018-08-14T15:48:30-0400,-80.4267,0.0136
038441c925bb,223,2018-08-14T15:48:35-0400,-80.4395,0.0133
038441c925bb,224,2018-08-14T15:48:40-0400,-80.4395,0.0131
038441c925bb,225,2018-08-14T15:48:45-0400,-80.2616,0.0133
038441c925bb,226,2018-08-14T15:48:50-0400,-80.3329,0.0134
038441c925bb,227,2018-08-14T15:48:55-0400,-80.4395,0.0134
038441c925bb,228,2018-08-14T15:49:00-0400,-80.4365,0.0132
038441c925bb,229,2018-08-14T15:49:05-0400,-80.4365,0.0132
038441c925bb,230,2018-08-14T15:49:10-0400,-49.9804,0.056
038441c925bb,231,2018-08-14T15:49:15-0400,-63.2976,0.0455
038441c925bb,232,2018-08-14T15:49:20-0400,-81.6114,0.0145
038441c925bb,233,2018-08-14T15:49:25-0400,-81.6114,0.0144
038441c925bb,234,2018-08-14T15:49:30-0400,-81.6114,0.0141
038441c925bb,235,2018-08-14T15:49:35-0400,-81.6114,0.0138
038441c925bb,236,2018-08-14T15:49:40-0400,-81.6114,0.0141
038441c925bb,237,2018-08-14T15:49:45-0400,-81.6114,0.0139
038441c925bb,238,2018-08-14T15:49:50-0400,-81.6114,0.0139
038441c925bb,239,2018-08-14T15:49:55-0400,-81.6114,0.0144
038441c925bb,240,2018-08-14T15:50:00-0400,-81.6114,0.0141
038441c925bb,241,2018-08-14T15:50:05-0400,-81.6114,0.0145
038441c925bb,242,2018-08-14T15:50:10-0400,-81.6114,0.0141
038441c925bb,243,2018-08-14T15:50:15-0400,-81.6114,0.0138
038441c925bb,244,2018-08-14T15:50:20-0400,-81.6114,0.0141
038441c925bb,245,2018-08-14T15:50:25-0400,-81.6114,0.0147
038441c925bb,246,2018-08-14T15:50:30-0400,-81.5623,0.0139
038441c925bb,247,2018-08-14T15:50:35-0400,-81.4507,0.0139
038441c925bb,248,2018-08-14T15:50:40-0400,-81.4507,0.0139
038441c925bb,249,2018-08-14T15:50:45-0400,-81.6114,0.0139
038441c925bb,250,2018-08-14T15:50:50-0400,-81.6114,0.0137
038441c925bb,251,2018-08-14T15:50:55-0400,-81.5846,0.0139
038441c925bb,252,2018-08-14T15:51:00-0400,-81.6626,0.0144
038441c925bb,253,2018-08-14T15:51:05-0400,-82.676,0.0149
038441c925bb,254,2018-08-14T15:51:10-0400,-82.7517,0.0151
038441c925bb,255,2018-08-14T15:51:15-0400,-82.8141,0.0146
038441c925bb,256,2018-08-14T15:51:20-0400,-82.6837,0.0183
038441c925bb,257,2018-08-14T15:51:25-0400,-82.9095,0.0146
038441c925bb,258,2018-08-14T15:51:30-0400,-82.8826,0.015
038441c925bb,259,2018-08-14T15:51:35-0400,-82.9274,0.0148
038441c925bb,260,2018-08-14T15:51:40-0400,-82.7765,0.0189
038441c925bb,261,2018-08-14T15:51:45-0400,-82.9751,0.0212
038441c925bb,262,2018-08-14T15:51:50-0400,-83.2537,0.0146
038441c925bb,263,2018-08-14T15:51:55-0400,-83.2537,0.0146
038441c925bb,264,2018-08-14T15:52:00-0400,-83.2537,0.0149
038441c925bb,265,2018-08-14T15:52:05-0400,-83.2537,0.0147
038441c925bb,266,2018-08-14T15:52:10-0400,-83.2537,0.0146
038441c925bb,267,2018-08-14T15:52:15-0400,-83.3727,0.016
038441c925bb,268,2018-08-14T15:52:20-0400,-83.5404,0.0146
038441c925bb,269,2018-08-14T15:52:25-0400,-83.5355,0.0151
038441c925bb,270,2018-08-14T15:52:30-0400,-83.4667,0.0147
038441c925bb,271,2018-08-14T15:52:35-0400,-83.3154,0.016
038441c925bb,272,2018-08-14T15:52:40-0400,-83.3134,0.0145
038441c925bb,273,2018-08-14T15:52:45-0400,-83.5302,0.0147
038441c925bb,274,2018-08-14T15:52:50-0400,-83.568,0.0149
038441c925bb,275,2018-08-14T15:52:55-0400,-83.5647,0.0147
038441c925bb,276,2018-08-14T15:53:00-0400,-83.4991,0.0151
038441c925bb,277,2018-08-14T15:53:05-0400,-83.2943,0.0151
038441c925bb,278,2018-08-14T15:53:10-0400,-83.3113,0.0137
038441c925bb,279,2018-08-14T15:53:15-0400,-83.3182,0.0139
038441c925bb,280,2018-08-14T15:53:20-0400,-83.2922,0.0146
038441c925bb,281,2018-08-14T15:53:25-0400,-83.3004,0.0146
038441c925bb,282,2018-08-14T15:53:30-0400,-82.9698,0.0403
038441c925bb,283,2018-08-14T15:53:35-0400,-84.2321,0.0476
038441c925bb,284,2018-08-14T15:53:40-0400,-84.2192,0.0145
038441c925bb,285,2018-08-14T15:53:45-0400,-84.4005,0.0148
038441c925bb,286,2018-08-14T15:53:50-0400,-84.4272,0.0149
038441c925bb,287,2018-08-14T15:53:55-0400,-84.4278,0.0148
038441c925bb,288,2018-08-14T15:54:00-0400,-84.3967,0.0146
038441c925bb,289,2018-08-14T15:54:05-0400,-84.417,0.0149
038441c925bb,290,2018-08-14T15:54:10-0400,-84.3858,0.0157
038441c925bb,291,2018-08-14T15:54:15-0400,-84.2889,0.0147
038441c925bb,292,2018-08-14T15:54:20-0400,-84.1585,0.0149
038441c925bb,293,2018-08-14T15:54:25-0400,-84.2994,0.0147
038441c925bb,294,2018-08-14T15:54:30-0400,-84.2971,0.0143
038441c925bb,295,2018-08-14T15:54:35-0400,-84.3186,0.015
038441c925bb,296,2018-08-14T15:54:40-0400,-84.3195,0.0149
038441c925bb,297,2018-08-14T15:54:45-0400,-84.3101,0.0147
038441c925bb,298,2018-08-14T15:54:50-0400,-84.3186,0.0147
038441c925bb,299,2018-08-14T15:54:55-0400,-84.3164,0.0146
038441c925bb,300,2018-08-14T15:55:00-0400,-84.3195,0.0146
038441c925bb,301,2018-08-14T15:55:05-0400,-84.3092,0.0145
038441c925bb,302,2018-08-14T15:55:10-0400,-84.3007,0.0146
038441c925bb,303,2018-08-14T15:55:15-0400,-84.3164,0.0147
038441c925bb,304,2018-08-14T15:55:20-0400,-84.3141,0.0148
038441c925bb,305,2018-08-14T15:55:25-0400,-84.3071,0.0147
038441c925bb,306,2018-08-14T15:55:30-0400,-82.9733,0.0396
038441c925bb,307,2018-08-14T15:55:35-0400,-82.2547,0.0132
038441c925bb,308,2018-08-14T15:55:40-0400,-82.2132,0.0138
038441c925bb,309,2018-08-14T15:55:45-0400,-82.0831,0.0137
038441c925bb,310,2018-08-14T15:55:50-0400,-82.2742,0.0139
038441c925bb,311,2018-08-14T15:55:55-0400,-82.287,0.0137
038441c925bb,312,2018-08-14T15:56:00-0400,-82.287,0.0141
038441c925bb,313,2018-08-14T15:56:05-0400,-82.3155,0.0156
038441c925bb,314,2018-08-14T15:56:10-0400,-82.4488,0.0139
038441c925bb,315,2018-08-14T15:56:15-0400,-82.5134,0.0138
038441c925bb,316,2018-08-14T15:56:20-0400,-82.4382,0.0137
038441c925bb,317,2018-08-14T15:56:25-0400,-82.5217,0.0134
038441c925bb,318,2018-08-14T15:56:30-0400,-82.2673,0.0135
038441c925bb,319,2018-08-14T15:56:35-0400,-82.3228,0.014
038441c925bb,320,2018-08-14T15:56:40-0400,-82.4723,0.0134
038441c925bb,321,2018-08-14T15:56:45-0400,-82.4723,0.0139
038441c925bb,322,2018-08-14T15:56:50-0400,-82.4723,0.0137
038441c925bb,323,2018-08-14T15:56:55-0400,-82.4782,0.0139
038441c925bb,324,2018-08-14T15:57:00-0400,-82.4959,0.0138
038441c925bb,325,2018-08-14T15:57:05-0400,-82.4759,0.0139
038441c925bb,326,2018-08-14T15:57:10-0400,-82.4965,0.014
038441c925bb,327,2018-08-14T15:57:15-0400,-82.4841,0.0135
038441c925bb,328,2018-08-14T15:57:20-0400,-82.4747,0.0141
038441c925bb,329,2018-08-14T15:57:25-0400,-82.4723,0.0139
038441c925bb,330,2018-08-14T15:57:30-0400,-82.5161,0.014
038441c925bb,331,2018-08-14T15:57:35-0400,-82.3105,0.0136
038441c925bb,332,2018-08-14T15:57:40-0400,-82.3139,0.0138
038441c925bb,333,2018-08-14T15:57:45-0400,-82.3025,0.0142
038441c925bb,334,2018-08-14T15:57:50-0400,-82.3019,0.0135
038441c925bb,335,2018-08-14T15:57:55-0400,-82.3061,0.0139
038441c925bb,336,2018-08-14T15:58:00-0400,-82.4298,0.0157
038441c925bb,337,2018-08-14T15:58:05-0400,-82.0172,0.0137
038441c925bb,338,2018-08-14T15:58:10-0400,-81.9222,0.0137
038441c925bb,339,2018-08-14T15:58:15-0400,-82.314,0.0141
038441c925bb,340,2018-08-14T15:58:20-0400,-82.3019,0.0139
038441c925bb,341,2018-08-14T15:58:25-0400,-82.3115,0.0138
038441c925bb,342,2018-08-14T15:58:30-0400,-82.3031,0.0144
038441c925bb,343,2018-08-14T15:58:35-0400,-82.4571,0.0135
038441c925bb,344,2018-08-14T15:58:40-0400,-82.3842,0.014
038441c925bb,345,2018-08-14T15:58:45-0400,-82.3735,0.0138
038441c925bb,346,2018-08-14T15:58:50-0400,-82.3903,0.0136
038441c925bb,347,2018-08-14T15:58:55-0400,-82.3549,0.0138
038441c925bb,348,2018-08-14T15:59:00-0400,-82.1657,0.0139
038441c925bb,349,2018-08-14T15:59:05-0400,-82.1689,0.0138
038441c925bb,350,2018-08-14T15:59:10-0400,-82.3736,0.0142
038441c925bb,351,2018-08-14T15:59:15-0400,-82.3909,0.0137
038441c925bb,352,2018-08-14T15:59:20-0400,-82.0559,0.0136
038441c925bb,353,2018-08-14T15:59:25-0400,-82.372,0.0138
038441c925bb,354,2018-08-14T15:59:30-0400,-82.5215,0.0138
038441c925bb,355,2018-08-14T15:59:35-0400,-82.3678,0.0141
038441c925bb,356,2018-08-14T15:59:40-0400,-82.2958,0.0189
038441c925bb,357,2018-08-14T15:59:45-0400,-82.309,0.016
038441c925bb,358,2018-08-14T15:59:50-0400,-82.3019,0.014
038441c925bb,359,2018-08-14T15:59:55-0400,-82.3019,0.0138
038441c925bb,360,2018-08-14T16:00:00-0400,-82.3019,0.0138
038441c925bb,361,2018-08-14T16:00:05-0400,-82.3418,0.0137
038441c925bb,362,2018-08-14T16:00:10-0400,-82.1039,0.014
038441c925bb,363,2018-08-14T16:00:15-0400,-81.8986,0.0138
038441c925bb,364,2018-08-14T16:00:20-0400,-81.8718,0.0141
038441c925bb,365,2018-08-14T16:00:25-0400,-81.901,0.0141
038441c925bb,366,2018-08-14T16:00:30-0400,-82.2359,0.0135
038441c925bb,367,2018-08-14T16:00:35-0400,-82.3027,0.0135
038441c925bb,368,2018-08-14T16:00:40-0400,-82.3073,0.0135
038441c925bb,369,2018-08-14T16:00:45-0400,-82.3257,0.014
038441c925bb,370,2018-08-14T16:00:50-0400,-82.3019,0.014
038441c925bb,371,2018-08-14T16:00:55-0400,-82.3019,0.0139
038441c925bb,372,2018-08-14T16:01:00-0400,-82.3414,0.0152
038441c925bb,373,2018-08-14T16:01:05-0400,-82.6017,0.0139
038441c925bb,374,2018-08-14T16:01:10-0400,-82.7696,0.0142
038441c925bb,375,2018-08-14T16:01:15-0400,-83.6288,0.0209
038441c925bb,376,2018-08-14T16:01:20-0400,-83.7857,0.0196
038441c925bb,377,2018-08-14T16:01:25-0400,-83.6935,0.0143
038441c925bb,378,2018-08-14T16:01:30-0400,-83.6935,0.0149
038441c925bb,379,2018-08-14T16:01:35-0400,-83.6935,0.0146
038441c925bb,380,2018-08-14T16:01:40-0400,-83.7103,0.0149
038441c925bb,381,2018-08-14T16:01:45-0400,-83.6627,0.0146
038441c925bb,382,2018-08-14T16:01:50-0400,-83.4736,0.0148
038441c925bb,383,2018-08-14T16:01:55-0400,-83.6627,0.0152
038441c925bb,384,2018-08-14T16:02:00-0400,-83.6935,0.0147
038441c925bb,385,2018-08-14T16:02:05-0400,-83.6935,0.0138
038441c925bb,386,2018-08-14T16:02:10-0400,-83.7007,0.0142
038441c925bb,387,2018-08-14T16:02:15-0400,-83.6989,0.0143
038441c925bb,388,2018-08-14T16:02:20-0400,-83.7493,0.0164
038441c925bb,389,2018-08-14T16:02:25-0400,-82.5869,0.0198
038441c925bb,390,2018-08-14T16:02:30-0400,-81.7032,0.0162
038441c925bb,391,2018-08-14T16:02:35-0400,-81.2298,0.0165
038441c925bb,392,2018-08-14T16:02:40-0400,-82.6871,0.0168
038441c925bb,393,2018-08-14T16:02:45-0400,-83.7792,0.0145
038441c925bb,394,2018-08-14T16:02:50-0400,-83.7261,0.0147
038441c925bb,395,2018-08-14T16:02:55-0400,-83.6023,0.0149
038441c925bb,396,2018-08-14T16:03:00-0400,-83.5682,0.0151
038441c925bb,397,2018-08-14T16:03:05-0400,-83.5095,0.015
038441c925bb,398,2018-08-14T16:03:10-0400,-83.5146,0.015
038441c925bb,399,2018-08-14T16:03:15-0400,-83.6598,0.0145
038441c925bb,400,2018-08-14T16:03:20-0400,-83.5051,0.0147
038441c925bb,401,2018-08-14T16:03:25-0400,-83.536,0.0149
038441c925bb,402,2018-08-14T16:03:30-0400,-83.4868,0.0145
038441c925bb,403,2018-08-14T16:03:35-0400,-83.5051,0.0147
038441c925bb,404,2018-08-14T16:03:40-0400,-83.5051,0.0149
038441c925bb,405,2018-08-14T16:03:45-0400,-83.5051,0.0151
038441c925bb,406,2018-08-14T16:03:50-0400,-83.5051,0.0145
038441c925bb,407,2018-08-14T16:03:55-0400,-83.6849,0.0153
038441c925bb,408,2018-08-14T16:04:00-0400,-83.6001,0.0155
038441c925bb,409,2018-08-14T16:04:05-0400,-83.484,0.0152
038441c925bb,410,2018-08-14T16:04:10-0400,-83.4653,0.0155
038441c925bb,411,2018-08-14T16:04:15-0400,-83.7261,0.0151
038441c925bb,412,2018-08-14T16:04:20-0400,-83.7261,0.0151
038441c925bb,413,2018-08-14T16:04:25-0400,-83.7319,0.0148
038441c925bb,414,2018-08-14T16:04:30-0400,-83.7266,0.015
038441c925bb,415,2018-08-14T16:04:35-0400,-83.7271,0.0148
038441c925bb,416,2018-08-14T16:04:40-0400,-83.7044,0.0164
038441c925bb,417,2018-08-14T16:04:45-0400,-83.6935,0.0149
038441c925bb,418,2018-08-14T16:04:50-0400,-83.696,0.0148
038441c925bb,419,2018-08-14T16:04:55-0400,-83.4873,0.0149
038441c925bb,420,2018-08-14T16:05:00-0400,-83.3283,0.0147
038441c925bb,421,2018-08-14T16:05:05-0400,-83.4723,0.0139
038441c925bb,422,2018-08-14T16:05:10-0400,-83.3017,0.0142
038441c925bb,423,2018-08-14T16:05:15-0400,-83.4611,0.0143
038441c925bb,424,2018-08-14T16:05:20-0400,-83.2537,0.0145
038441c925bb,425,2018-08-14T16:05:25-0400,-83.3101,0.0144
038441c925bb,426,2018-08-14T16:05:30-0400,-83.4282,0.0147
038441c925bb,427,2018-08-14T16:05:35-0400,-83.6055,0.0148
038441c925bb,428,2018-08-14T16:05:40-0400,-83.6935,0.0154
038441c925bb,429,2018-08-14T16:05:45-0400,-83.6935,0.015
038441c925bb,430,2018-08-14T16:05:50-0400,-83.6935,0.0151
038441c925bb,431,2018-08-14T16:05:55-0400,-83.7638,0.0146
038441c925bb,432,2018-08-14T16:06:00-0400,-83.7129,0.0558
038441c925bb,433,2018-08-14T16:06:05-0400,-83.0784,0.0135
038441c925bb,434,2018-08-14T16:06:10-0400,-83.0738,0.0139
038441c925bb,435,2018-08-14T16:06:15-0400,-83.0087,0.0141
038441c925bb,436,2018-08-14T16:06:20-0400,-83.0702,0.0139
038441c925bb,437,2018-08-14T16:06:25-0400,-82.9876,0.0134
038441c925bb,438,2018-08-14T16:06:30-0400,-82.9792,0.0138
038441c925bb,439,2018-08-14T16:06:35-0400,-82.9834,0.0141
038441c925bb,440,2018-08-14T16:06:40-0400,-82.9786,0.0137
038441c925bb,441,2018-08-14T16:06:45-0400,-82.9858,0.014
038441c925bb,442,2018-08-14T16:06:50-0400,-83.0293,0.0145
038441c925bb,443,2018-08-14T16:06:55-0400,-82.9858,0.0141
038441c925bb,444,2018-08-14T16:07:00-0400,-82.995,0.0141
038441c925bb,445,2018-08-14T16:07:05-0400,-82.9858,0.0133
038441c925bb,446,2018-08-14T16:07:10-0400,-82.9929,0.0142
038441c925bb,447,2018-08-14T16:07:15-0400,-82.9412,0.0153
038441c925bb,448,2018-08-14T16:07:20-0400,-83.2841,0.0198
038441c925bb,449,2018-08-14T16:07:25-0400,-83.7029,0.0206
038441c925bb,450,2018-08-14T16:07:30-0400,-83.3883,0.0156
038441c925bb,451,2018-08-14T16:07:35-0400,-83.3852,0.0163
038441c925bb,452,2018-08-14T16:07:40-0400,-83.3639,0.0161
038441c925bb,453,2018-08-14T16:07:45-0400,-83.3639,0.0155
038441c925bb,454,2018-08-14T16:07:50-0400,-83.3641,0.0161
038441c925bb,455,2018-08-14T16:07:55-0400,-84.2962,0.0155
038441c925bb,456,2018-08-14T16:08:00-0400,-84.4797,0.015
038441c925bb,457,2018-08-14T16:08:05-0400,-84.5645,0.0149
038441c925bb,458,2018-08-14T16:08:10-0400,-84.5726,0.0149
038441c925bb,459,2018-08-14T16:08:15-0400,-84.5591,0.0149
038441c925bb,460,2018-08-14T16:08:20-0400,-84.4033,0.0148
038441c925bb,461,2018-08-14T16:08:25-0400,-84.371,0.015
038441c925bb,462,2018-08-14T16:08:30-0400,-84.371,0.015
038441c925bb,463,2018-08-14T16:08:35-0400,-84.3639,0.0147
038441c925bb,464,2018-08-14T16:08:40-0400,-84.4392,0.015
038441c925bb,465,2018-08-14T16:08:45-0400,-84.3869,0.0151
038441c925bb,466,2018-08-14T16:08:50-0400,-84.371,0.0147
038441c925bb,467,2018-08-14T16:08:55-0400,-84.3724,0.0151
038441c925bb,468,2018-08-14T16:09:00-0400,-84.3692,0.0144
038441c925bb,469,2018-08-14T16:09:05-0400,-84.4204,0.0151
038441c925bb,470,2018-08-14T16:09:10-0400,-84.434,0.0145
038441c925bb,471,2018-08-14T16:09:15-0400,-84.479,0.0146
038441c925bb,472,2018-08-14T16:09:20-0400,-84.5088,0.0151
038441c925bb,473,2018-08-14T16:09:25-0400,-84.375,0.0149
038441c925bb,474,2018-08-14T16:09:30-0400,-84.3915,0.015
038441c925bb,475,2018-08-14T16:09:35-0400,-84.371,0.0149
038441c925bb,476,2018-08-14T16:09:40-0400,-84.371,0.0149
038441c925bb,477,2018-08-14T16:09:45-0400,-84.3768,0.0149
038441c925bb,478,2018-08-14T16:09:50-0400,-84.4454,0.0149
038441c925bb,479,2018-08-14T16:09:55-0400,-84.3803,0.0148
038441c925bb,480,2018-08-14T16:10:00-0400,-84.3916,0.0151
038441c925bb,481,2018-08-14T16:10:05-0400,-84.4509,0.0146
038441c925bb,482,2018-08-14T16:10:10-0400,-84.4576,0.0149
038441c925bb,483,2018-08-14T16:10:15-0400,-84.4342,0.0153
038441c925bb,484,2018-08-14T16:10:20-0400,-84.4547,0.015
038441c925bb,485,2018-08-14T16:10:25-0400,-84.4156,0.0147
038441c925bb,486,2018-08-14T16:10:30-0400,-84.4172,0.0149
038441c925bb,487,2018-08-14T16:10:35-0400,-84.4585,0.0149
038441c925bb,488,2018-08-14T16:10:40-0400,-84.5729,0.0148
038441c925bb,489,2018-08-14T16:10:45-0400,-84.4193,0.0149
038441c925bb,490,2018-08-14T16:10:50-0400,-84.4379,0.0146
038441c925bb,491,2018-08-14T16:10:55-0400,-84.3729,0.015
038441c925bb,492,2018-08-14T16:11:00-0400,-84.371,0.0148
038441c925bb,493,2018-08-14T16:11:05-0400,-84.3896,0.0151
038441c925bb,494,2018-08-14T16:11:10-0400,-84.7389,0.0248
038441c925bb,495,2018-08-14T16:11:15-0400,4.6656,0.0781
038441c925bb,496,2018-08-14T16:11:20-0400,-43.7246,0.0679
038441c925bb,497,2018-08-14T16:11:25-0400,-85.2562,0.0147
038441c925bb,498,2018-08-14T16:11:30-0400,-85.3399,0.0146
038441c925bb,499,2018-08-14T16:11:35-0400,-85.3426,0.0151
038441c925bb,500,2018-08-14T16:11:40-0400,-85.3372,0.0149
038441c925bb,501,2018-08-14T16:11:45-0400,-85.3372,0.015
038441c925bb,502,2018-08-14T16:11:50-0400,-85.3372,0.015
038441c925bb,503,2018-08-14T16:11:55-0400,-85.3385,0.0152
038441c925bb,504,2018-08-14T16:12:00-0400,-85.3783,0.0149
038441c925bb,505,2018-08-14T16:12:05-0400,-85.3372,0.0149
038441c925bb,506,2018-08-14T16:12:10-0400,-85.3372,0.0148
038441c925bb,507,2018-08-14T16:12:15-0400,-85.3372,0.0148
038441c925bb,508,2018-08-14T16:12:20-0400,-85.3965,0.0149
038441c925bb,509,2018-08-14T16:12:25-0400,-85.3668,0.0148
038441c925bb,510,2018-08-14T16:12:30-0400,-85.355,0.0147
038441c925bb,511,2018-08-14T16:12:35-0400,-85.3372,0.015
038441c925bb,512,2018-08-14T16:12:40-0400,-85.3372,0.0148
038441c925bb,513,2018-08-14T16:12:45-0400,-85.344,0.0148
038441c925bb,514,2018-08-14T16:12:50-0400,-85.3372,0.0146
038441c925bb,515,2018-08-14T16:12:55-0400,-85.4744,0.0147
038441c925bb,516,2018-08-14T16:13:00-0400,-85.3385,0.0154
038441c925bb,517,2018-08-14T16:13:05-0400,-85.366,0.015
038441c925bb,518,2018-08-14T16:13:10-0400,-84.8098,0.0234
038441c925bb,519,2018-08-14T16:13:15-0400,-84.4925,0.0147
038441c925bb,520,2018-08-14T16:13:20-0400,-85.1717,0.0252
038441c925bb,521,2018-08-14T16:13:25-0400,-85.5251,0.0166
038441c925bb,522,2018-08-14T16:13:30-0400,-85.4968,0.0153
038441c925bb,523,2018-08-14T16:13:35-0400,-80.7387,0.0369
038441c925bb,524,2018-08-14T16:13:40-0400,-63.7036,0.0318
038441c925bb,525,2018-08-14T16:13:45-0400,-83.5385,0.0681
038441c925bb,526,2018-08-14T16:13:50-0400,-85.5869,0.0156
038441c925bb,527,2018-08-14T16:13:55-0400,-85.5869,0.0157
038441c925bb,528,2018-08-14T16:14:00-0400,-85.59,0.016
038441c925bb,529,2018-08-14T16:14:05-0400,-85.5883,0.0159
038441c925bb,530,2018-08-14T16:14:10-0400,-85.1407,0.016
038441c925bb,531,2018-08-14T16:14:15-0400,-84.9791,0.016
038441c925bb,532,2018-08-14T16:14:20-0400,-84.9535,0.0161
038441c925bb,533,2018-08-14T16:14:25-0400,-84.7667,0.0159
038441c925bb,534,2018-08-14T16:14:30-0400,-84.9614,0.0161
038441c925bb,535,2018-08-14T16:14:35-0400,-85.1374,0.0153
038441c925bb,536,2018-08-14T16:14:40-0400,-85.3484,0.0153
038441c925bb,537,2018-08-14T16:14:45-0400,-85.3676,0.0151
038441c925bb,538,2018-08-14T16:14:50-0400,-85.3676,0.0151
038441c925bb,539,2018-08-14T16:14:55-0400,-85.363,0.0146
038441c925bb,540,2018-08-14T16:15:00-0400,-85.3641,0.0147
038441c925bb,541,2018-08-14T16:15:05-0400,-85.3674,0.0151
038441c925bb,542,2018-08-14T16:15:10-0400,-85.3676,0.0147
038441c925bb,543,2018-08-14T16:15:15-0400,-85.3676,0.0147
038441c925bb,544,2018-08-14T16:15:20-0400,-85.3676,0.0145
038441c925bb,545,2018-08-14T16:15:25-0400,-85.3676,0.015
038441c925bb,546,2018-08-14T16:15:30-0400,-85.3671,0.0145
038441c925bb,547,2018-08-14T16:15:35-0400,-85.3651,0.0143
038441c925bb,548,2018-08-14T16:15:40-0400,-85.3676,0.0145
038441c925bb,549,2018-08-14T16:15:45-0400,-85.3676,0.0142
038441c925bb,550,2018-08-14T16:15:50-0400,-85.3676,0.0145
038441c925bb,551,2018-08-14T16:15:55-0400,-85.3676,0.0148
038441c925bb,552,2018-08-14T16:16:00-0400,-85.3669,0.0146
038441c925bb,553,2018-08-14T16:16:05-0400,-85.3645,0.0147
038441c925bb,554,2018-08-14T16:16:10-0400,-85.3644,0.0147
038441c925bb,555,2018-08-14T16:16:15-0400,-85.3671,0.0145
038441c925bb,556,2018-08-14T16:16:20-0400,-85.364,0.0152
038441c925bb,557,2018-08-14T16:16:25-0400,-85.3676,0.0146
038441c925bb,558,2018-08-14T16:16:30-0400,-85.3676,0.0148
038441c925bb,559,2018-08-14T16:16:35-0400,-85.3676,0.015
038441c925bb,560,2018-08-14T16:16:40-0400,-85.3671,0.0146
038441c925bb,561,2018-08-14T16:16:45-0400,-85.3632,0.0148
038441c925bb,562,2018-08-14T16:16:50-0400,-85.3667,0.0147
038441c925bb,563,2018-08-14T16:16:55-0400,-85.3672,0.0146
038441c925bb,564,2018-08-14T16:17:00-0400,-85.3658,0.0146
038441c925bb,565,2018-08-14T16:17:05-0400,-85.3676,0.0147
038441c925bb,566,2018-08-14T16:17:10-0400,-85.3676,0.0146
038441c925bb,567,2018-08-14T16:17:15-0400,-85.3676,0.0147
038441c925bb,568,2018-08-14T16:17:20-0400,-85.3647,0.015
038441c925bb,569,2018-08-14T16:17:25-0400,-85.3668,0.0148
038441c925bb,570,2018-08-14T16:17:30-0400,-85.3676,0.015
038441c925bb,571,2018-08-14T16:17:35-0400,-85.3676,0.0145
038441c925bb,572,2018-08-14T16:17:40-0400,-85.3676,0.0148
038441c925bb,573,2018-08-14T16:17:45-0400,-85.3676,0.0149
038441c925bb,574,2018-08-14T16:17:50-0400,-85.3666,0.0149
038441c925bb,575,2018-08-14T16:17:55-0400,-85.3676,0.0149
038441c925bb,576,2018-08-14T16:18:00-0400,-85.3664,0.0148
038441c925bb,577,2018-08-14T16:18:05-0400,-85.367,0.0148
038441c925bb,578,2018-08-14T16:18:10-0400,-85.367,0.0148
038441c925bb,579,2018-08-14T16:18:15-0400,-85.3676,0.015
038441c925bb,580,2018-08-14T16:18:20-0400,-85.3655,0.0149
038441c925bb,581,2018-08-14T16:18:25-0400,-85.3659,0.0149
038441c925bb,582,2018-08-14T16:18:30-0400,-85.3676,0.0151
038441c925bb,583,2018-08-14T16:18:35-0400,-85.3676,0.0149
038441c925bb,584,2018-08-14T16:18:40-0400,-85.3676,0.015
038441c925bb,585,2018-08-14T16:18:45-0400,-85.3676,0.0153
038441c925bb,586,2018-08-14T16:18:50-0400,-85.3668,0.0147
038441c925bb,587,2018-08-14T16:18:55-0400,-85.3675,0.0147
038441c925bb,588,2018-08-14T16:19:00-0400,-85.3675,0.0149
038441c925bb,589,2018-08-14T16:19:05-0400,-85.3652,0.015
038441c925bb,590,2018-08-14T16:19:10-0400,-85.3676,0.0146
038441c925bb,591,2018-08-14T16:19:15-0400,-85.3671,0.0149
038441c925bb,592,2018-08-14T16:19:20-0400,-85.3676,0.0146
038441c925bb,593,2018-08-14T16:19:25-0400,-85.2686,0.0149
038441c925bb,594,2018-08-14T16:19:30-0400,-85.2774,0.0147
038441c925bb,595,2018-08-14T16:19:35-0400,-85.4906,0.0145
038441c925bb,596,2018-08-14T16:19:40-0400,-85.6587,0.0145
038441c925bb,597,2018-08-14T16:19:45-0400,-85.3529,0.0148
038441c925bb,598,2018-08-14T16:19:50-0400,-85.3637,0.0147
038441c925bb,599,2018-08-14T16:19:55-0400,-85.3646,0.0149
038441c925bb,600,2018-08-14T16:20:00-0400,-85.3666,0.0147
038441c925bb,601,2018-08-14T16:20:05-0400,-85.3675,0.0147
038441c925bb,602,2018-08-14T16:20:10-0400,-85.3644,0.0156
038441c925bb,603,2018-08-14T16:20:15-0400,-85.3621,0.0149
038441c925bb,604,2018-08-14T16:20:20-0400,-85.3665,0.0148
038441c925bb,605,2018-08-14T16:20:25-0400,-85.3635,0.0145
038441c925bb,606,2018-08-14T16:20:30-0400,-85.3635,0.0149
038441c925bb,607,2018-08-14T16:20:35-0400,-85.3621,0.0146
038441c925bb,608,2018-08-14T16:20:40-0400,-85.3621,0.0148
038441c925bb,609,2018-08-14T16:20:45-0400,-85.3638,0.015
038441c925bb,610,2018-08-14T16:20:50-0400,-85.3676,0.0149
038441c925bb,611,2018-08-14T16:20:55-0400,-85.3637,0.0147
038441c925bb,612,2018-08-14T16:21:00-0400,-85.3657,0.0148
038441c925bb,613,2018-08-14T16:21:05-0400,-85.3656,0.0148
038441c925bb,614,2018-08-14T16:21:10-0400,-85.3621,0.0148
038441c925bb,615,2018-08-14T16:21:15-0400,-85.3664,0.0147
038441c925bb,616,2018-08-14T16:21:20-0400,-85.3625,0.0148
038441c925bb,617,2018-08-14T16:21:25-0400,-85.3622,0.0149
038441c925bb,618,2018-08-14T16:21:30-0400,-85.3621,0.015
038441c925bb,619,2018-08-14T16:21:35-0400,-85.3621,0.0145
038441c925bb,620,2018-08-14T16:21:40-0400,-85.3614,0.0146
038441c925bb,621,2018-08-14T16:21:45-0400,-85.3662,0.0146
038441c925bb,622,2018-08-14T16:21:50-0400,-85.3653,0.0147
038441c925bb,623,2018-08-14T16:21:55-0400,-72.4401,0.0777
038441c925bb,624,2018-08-14T16:22:00-0400,-2.9362,0.0801
038441c925bb,625,2018-08-14T16:22:05-0400,21.1882,0.1221
038441c925bb,626,2018-08-14T16:22:10-0400,61.3721,0.092
038441c925bb,627,2018-08-14T16:22:15-0400,-18.3199,0.0829
038441c925bb,628,2018-08-14T16:22:20-0400,-70.2683,0.0404
038441c925bb,629,2018-08-14T16:22:25-0400,-75.3928,0.1235
038441c925bb,630,2018-08-14T16:22:30-0400,-76.6948,0.0648
038441c925bb,631,2018-08-14T16:22:35-0400,-50.6643,0.0342
038441c925bb,632,2018-08-14T16:22:40-0400,-46.6562,0.0301
038441c925bb,633,2018-08-14T16:22:45-0400,-35.0214,0.0222
038441c925bb,634,2018-08-14T16:22:50-0400,-25.6652,0.0321
038441c925bb,635,2018-08-14T16:22:55-0400,-36.8407,0.0501
038441c925bb,636,2018-08-14T16:23:00-0400,-17.2092,0.0623
038441c925bb,637,2018-08-14T16:23:05-0400,-10.5431,0.0478
038441c925bb,638,2018-08-14T16:23:10-0400,-49.639,0.0553
038441c925bb,639,2018-08-14T16:23:15-0400,-38.6734,0.0297
038441c925bb,640,2018-08-14T16:23:20-0400,-28.1181,0.032
038441c925bb,641,2018-08-14T16:23:25-0400,-56.7661,0.0489
038441c925bb,642,2018-08-14T16:23:30-0400,-54.3612,0.0311
038441c925bb,643,2018-08-14T16:23:35-0400,-61.5464,0.0356
038441c925bb,644,2018-08-14T16:23:40-0400,-66.1996,0.0317
038441c925bb,645,2018-08-14T16:23:45-0400,-66.4745,0.0248
038441c925bb,646,2018-08-14T16:23:50-0400,-33.363,0.0435
038441c925bb,647,2018-08-14T16:23:55-0400,-13.9989,0.0496
038441c925bb,648,2018-08-14T16:24:00-0400,-4.0472,0.0316
038441c925bb,649,2018-08-14T16:24:05-0400,-4.0111,0.032
038441c925bb,650,2018-08-14T16:24:10-0400,-75.3869,0.0199
038441c925bb,651,2018-08-14T16:24:15-0400,-74.9547,0.0364
038441c925bb,652,2018-08-14T16:24:20-0400,-68.0667,0.0254
038441c925bb,653,2018-08-14T16:24:25-0400,-79.5072,0.0582
038441c925bb,654,2018-08-14T16:24:30-0400,-81.5318,0.0878
038441c925bb,655,2018-08-14T16:24:35-0400,-76.7423,0.0331
038441c925bb,656,2018-08-14T16:24:40-0400,-64.8662,0.0224
038441c925bb,657,2018-08-14T16:24:45-0400,-52.1799,0.0504
038441c925bb,658,2018-08-14T16:24:50-0400,-9.4286,0.0643
038441c925bb,659,2018-08-14T16:24:55-0400,-30.3389,0.0693
038441c925bb,660,2018-08-14T16:25:00-0400,-66.5481,0.4403
038441c925bb,661,2018-08-14T16:25:05-0400,-80.0505,0.0221
038441c925bb,662,2018-08-14T16:25:10-0400,-83.1624,0.0168
038441c925bb,663,2018-08-14T16:25:15-0400,-63.0534,0.0411
038441c925bb,664,2018-08-14T16:25:20-0400,-70.8692,0.006
038441c925bb,665,2018-08-14T16:25:25-0400,-70.3838,0.027
038441c925bb,666,2018-08-14T16:25:30-0400,-25.1252,0.0778
038441c925bb,667,2018-08-14T16:25:35-0400,-13.5484,0.0489
038441c925bb,668,2018-08-14T16:25:40-0400,-5.5106,0.0508
038441c925bb,669,2018-08-14T16:25:45-0400,-13.0395,0.0898
038441c925bb,670,2018-08-14T16:25:50-0400,-63.9883,0.1532
038441c925bb,671,2018-08-14T16:25:55-0400,-53.4858,0.2257
038441c925bb,672,2018-08-14T16:26:00-0400,-56.6508,0.1773
038441c925bb,673,2018-08-14T16:26:05-0400,-56.1743,0.0286
038441c925bb,674,2018-08-14T16:26:10-0400,-55.4671,0.0332
038441c925bb,675,2018-08-14T16:26:15-0400,-54.4912,0.0177
038441c925bb,676,2018-08-14T16:26:20-0400,-57.294,0.0159
038441c925bb,677,2018-08-14T16:26:25-0400,-53.0894,0.0056
038441c925bb,678,2018-08-14T16:26:30-0400,-55.8504,0.0146
038441c925bb,679,2018-08-14T16:26:35-0400,-55.1899,0.0224
038441c925bb,680,2018-08-14T16:26:40-0400,-43.825,0.0368
038441c925bb,681,2018-08-14T16:26:45-0400,-61.5283,0.0091
038441c925bb,682,2018-08-14T16:26:50-0400,-59.4729,0.0141
038441c925bb,683,2018-08-14T16:26:55-0400,-58.3945,0.0113
038441c925bb,684,2018-08-14T16:27:00-0400,-52.7641,0.0166
038441c925bb,685,2018-08-14T16:27:05-0400,36.1297,0.0052
038441c925bb,686,2018-08-14T16:27:10-0400,-41.099,0.0218
038441c925bb,687,2018-08-14T16:27:15-0400,-82.747,0.021
038441c925bb,688,2018-08-14T16:27:20-0400,-80.3131,0.0284
038441c925bb,689,2018-08-14T16:27:25-0400,-65.8976,0.0483
038441c925bb,690,2018-08-14T16:27:30-0400,-47.0545,0.02
038441c925bb,691,2018-08-14T16:27:35-0400,-39.5993,0.0498
038441c925bb,692,2018-08-14T16:27:40-0400,-59.225,0.034
038441c925bb,693,2018-08-14T16:27:45-0400,-18.1569,0.0124
038441c925bb,694,2018-08-14T16:27:50-0400,-37.5255,0.0278
038441c925bb,695,2018-08-14T16:27:55-0400,-61.663,0.0363
038441c925bb,696,2018-08-14T16:28:00-0400,-26.865,0.0498
038441c925bb,697,2018-08-14T16:28:05-0400,-18.6878,0.2761
038441c925bb,698,2018-08-14T16:28:10-0400,-66.4539,0.0149
038441c925bb,699,2018-08-14T16:28:15-0400,-55.9889,0.033
038441c925bb,700,2018-08-14T16:28:20-0400,-58.4185,0.003
038441c925bb,701,2018-08-14T16:28:25-0400,-59.3091,0.0154
038441c925bb,702,2018-08-14T16:28:30-0400,-40.2438,0.0153
038441c925bb,703,2018-08-14T16:28:35-0400,-34.0275,0.0094
038441c925bb,704,2018-08-14T16:28:40-0400,-34.1351,0.0107
038441c925bb,705,2018-08-14T16:28:45-0400,-29.7689,0.0095
038441c925bb,706,2018-08-14T16:28:50-0400,-27.6755,0.0125
038441c925bb,707,2018-08-14T16:28:55-0400,-28.7827,0.0111
038441c925bb,708,2018-08-14T16:29:00-0400,-25.4209,0.0094
038441c925bb,709,2018-08-14T16:29:05-0400,-26.8013,0.0539
038441c925bb,710,2018-08-14T16:29:10-0400,-68.114,0.0199
038441c925bb,711,2018-08-14T16:29:15-0400,-69.1093,0.0092
038441c925bb,712,2018-08-14T16:29:20-0400,-64.7171,0.0067
038441c925bb,713,2018-08-14T16:29:25-0400,-59.5148,0.0278
038441c925bb,714,2018-08-14T16:29:30-0400,-58.6522,0.0957
038441c925bb,715,2018-08-14T16:29:35-0400,-24.4836,0.0663
038441c925bb,716,2018-08-14T16:29:40-0400,-35.9937,0.0375
038441c925bb,717,2018-08-14T16:29:45-0400,-8.6437,0.0508
038441c925bb,718,2018-08-14T16:29:50-0400,-8.5733,0.0402
038441c925bb,719,2018-08-14T16:29:55-0400,-9.7611,0.0412
038441c925bb,720,2018-08-14T16:30:00-0400,-12.3752,0.0407
038441c925bb,721,2018-08-14T16:30:05-0400,-6.1313,0.041
038441c925bb,722,2018-08-14T16:30:10-0400,-3.8967,0.0381
038441c925bb,723,2018-08-14T16:30:15-0400,-13.2391,0.0476
038441c925bb,724,2018-08-14T16:30:20-0400,-17.7853,0.0356
038441c925bb,725,2018-08-14T16:30:25-0400,-6.224,0.0433
038441c925bb,726,2018-08-14T16:30:30-0400,-38.9591,0.0842
038441c925bb,727,2018-08-14T16:30:35-0400,-53.9108,0.0589
038441c925bb,728,2018-08-14T16:30:40-0400,-28.4187,0.0865
038441c925bb,729,2018-08-14T16:30:45-0400,5.7712,0.0614
038441c925bb,730,2018-08-14T16:30:50-0400,-0.3245,0.1
038441c925bb,731,2018-08-14T16:30:55-0400,-22.119,0.1314
038441c925bb,732,2018-08-14T16:31:00-0400,-20.1927,0.0902
038441c925bb,733,2018-08-14T16:31:05-0400,-15.7304,0.1345
038441c925bb,734,2018-08-14T16:31:10-0400,-18.8071,0.1027
038441c925bb,735,2018-08-14T16:31:15-0400,-32.8928,0.049
038441c925bb,736,2018-08-14T16:31:20-0400,-33.6894,0.0436
038441c925bb,737,2018-08-14T16:31:25-0400,-13.6028,0.0905
038441c925bb,738,2018-08-14T16:31:30-0400,-4.0698,0.0737
038441c925bb,739,2018-08-14T16:31:35-0400,-52.1296,0.0615
038441c925bb,740,2018-08-14T16:31:40-0400,-56.8694,0.0678
038441c925bb,741,2018-08-14T16:31:45-0400,-63.4522,0.017
038441c925bb,742,2018-08-14T16:31:50-0400,-40.0004,0.053
038441c925bb,743,2018-08-14T16:31:55-0400,-23.2736,0.0545
038441c925bb,744,2018-08-14T16:32:00-0400,-55.7422,0.037
038441c925bb,745,2018-08-14T16:32:05-0400,-25.2546,0.0731
038441c925bb,746,2018-08-14T16:32:10-0400,-13.726,0.0068
038441c925bb,747,2018-08-14T16:32:15-0400,-20.7996,0.0591
038441c925bb,748,2018-08-14T16:32:20-0400,-38.9593,0.0713
038441c925bb,749,2018-08-14T16:32:25-0400,-9.2101,0.0312
038441c925bb,750,2018-08-14T16:32:30-0400,-12.5646,0.0304
038441c925bb,751,2018-08-14T16:32:35-0400,-11.7127,0.0401
038441c925bb,752,2018-08-14T16:32:40-0400,-35.0524,0.1556
038441c925bb,753,2018-08-14T16:32:45-0400,-35.7727,0.0186
038441c925bb,754,2018-08-14T16:32:50-0400,-34.5954,0.0041
038441c925bb,755,2018-08-14T16:32:55-0400,-35.9363,0.0108
038441c925bb,756,2018-08-14T16:33:00-0400,-35.353,0.034
038441c925bb,757,2018-08-14T16:33:05-0400,-40.6048,0.0472
038441c925bb,758,2018-08-14T16:33:10-0400,-36.7195,0.0858
038441c925bb,759,2018-08-14T16:33:15-0400,-19.3509,0.059
038441c925bb,760,2018-08-14T16:33:20-0400,-14.5044,0.0343
038441c925bb,761,2018-08-14T16:33:25-0400,-12.3619,0.0
038441c925bb,762,2018-08-14T16:33:30-0400,-8.7609,0.0004
038441c925bb,763,2018-08-14T16:33:35-0400,-3.2475,0.0312
038441c925bb,764,2018-08-14T16:33:40-0400,3.127,0.0242
038441c925bb,765,2018-08-14T16:33:45-0400,-16.4639,0.0484
038441c925bb,766,2018-08-14T16:33:50-0400,-1.3528,0.0009
038441c925bb,767,2018-08-14T16:33:55-0400,-6.0735,0.0003
038441c925bb,768,2018-08-14T16:34:00-0400,-14.2836,0.0366
038441c925bb,769,2018-08-14T16:34:05-0400,-46.1655,0.0219
038441c925bb,770,2018-08-14T16:34:10-0400,-57.0495,0.0715
038441c925bb,771,2018-08-14T16:34:15-0400,32.0782,0.0725
038441c925bb,772,2018-08-14T16:34:20-0400,34.8282,0.0449
038441c925bb,773,2018-08-14T16:34:25-0400,21.6971,0.0856
038441c925bb,774,2018-08-14T16:34:30-0400,5.1432,0.5504
038441c925bb,775,2018-08-14T16:34:35-0400,-0.469,0.2513
038441c925bb,776,2018-08-14T16:34:40-0400,-0.0929,0.2168
038441c925bb,777,2018-08-14T16:34:45-0400,-0.4157,0.256
038441c925bb,778,2018-08-14T16:34:50-0400,13.7293,0.1762
038441c925bb,779,2018-08-14T16:34:55-0400,-52.9407,0.1405
038441c925bb,780,2018-08-14T16:35:00-0400,-71.8611,0.1881
038441c925bb,781,2018-08-14T16:35:05-0400,-79.89,0.229
038441c925bb,782,2018-08-14T16:35:10-0400,-53.4669,0.4538
038441c925bb,783,2018-08-14T16:35:15-0400,-5.8801,0.0908
038441c925bb,784,2018-08-14T16:35:20-0400,-1.1691,0.0746
038441c925bb,785,2018-08-14T16:35:25-0400,-27.739,0.0442
038441c925bb,786,2018-08-14T16:35:30-0400,-19.0444,0.034
038441c925bb,787,2018-08-14T16:35:35-0400,-8.661,0.1044
038441c925bb,788,2018-08-14T16:35:40-0400,-7.5438,0.0913
038441c925bb,789,2018-08-14T16:35:45-0400,-2.7212,0.0899
038441c925bb,790,2018-08-14T16:35:50-0400,-25.4793,0.0411
038441c925bb,791,2018-08-14T16:35:55-0400,-42.9637,0.0515
038441c925bb,792,2018-08-14T16:36:00-0400,-46.5158,0.0386
038441c925bb,793,2018-08-14T16:36:05-0400,-46.1753,0.0389
038441c925bb,794,2018-08-14T16:36:10-0400,-47.7098,0.0428
038441c925bb,795,2018-08-14T16:36:15-0400,-12.0453,0.0466
038441c925bb,796,2018-08-14T16:36:20-0400,-5.914,0.0505
038441c925bb,797,2018-08-14T16:36:25-0400,8.314,0.0213
038441c925bb,798,2018-08-14T16:36:30-0400,-15.1054,0.0376
038441c925bb,799,2018-08-14T16:36:35-0400,-45.4004,0.0189
038441c925bb,800,2018-08-14T16:36:40-0400,12.5819,0.0155
038441c925bb,801,2018-08-14T16:36:45-0400,-27.0931,0.0354
038441c925bb,802,2018-08-14T16:36:50-0400,-24.4884,0.0516
038441c925bb,803,2018-08-14T16:36:55-0400,-39.7933,0.08
038441c925bb,804,2018-08-14T16:37:00-0400,-59.0567,0.015
038441c925bb,805,2018-08-14T16:37:05-0400,-31.2098,0.0512
038441c925bb,806,2018-08-14T16:37:10-0400,41.4234,0.072
038441c925bb,807,2018-08-14T16:37:15-0400,40.8609,0.0544
038441c925bb,808,2018-08-14T16:37:20-0400,22.5458,0.1006
038441c925bb,809,2018-08-14T16:37:25-0400,-44.8449,0.03
038441c925bb,810,2018-08-14T16:37:30-0400,-45.7759,0.0219
038441c925bb,811,2018-08-14T16:37:35-0400,-46.3178,0.0417
038441c925bb,812,2018-08-14T16:37:40-0400,-41.1724,0.0025
038441c925bb,813,2018-08-14T16:37:45-0400,-26.9658,0.0405
038441c925bb,814,2018-08-14T16:37:50-0400,-47.8255,0.0005
038441c925bb,815,2018-08-14T16:37:55-0400,-28.8485,0.025
038441c925bb,816,2018-08-14T16:38:00-0400,-28.0396,0.0726
038441c925bb,817,2018-08-14T16:38:05-0400,-8.0951,0.0567
038441c925bb,818,2018-08-14T16:38:10-0400,-0.2178,0.0565
038441c925bb,819,2018-08-14T16:38:15-0400,-12.3182,0.0366
038441c925bb,820,2018-08-14T16:38:20-0400,1.5408,0.0912
038441c925bb,821,2018-08-14T16:38:25-0400,5.3726,0.0633
038441c925bb,822,2018-08-14T16:38:30-0400,9.1841,0.1477
038441c925bb,823,2018-08-14T16:38:35-0400,4.3258,0.026
038441c925bb,824,2018-08-14T16:38:40-0400,-27.0176,0.0976
038441c925bb,825,2018-08-14T16:38:45-0400,-37.9441,0.049
038441c925bb,826,2018-08-14T16:38:50-0400,-22.422,0.0473
038441c925bb,827,2018-08-14T16:38:55-0400,4.6764,0.0607
038441c925bb,828,2018-08-14T16:39:00-0400,-31.257,0.139
038441c925bb,829,2018-08-14T16:39:05-0400,9.8866,0.0194
038441c925bb,830,2018-08-14T16:39:10-0400,19.1158,0.0135
038441c925bb,831,2018-08-14T16:39:15-0400,-16.6848,0.1056
038441c925bb,832,2018-08-14T16:39:20-0400,-14.8295,0.0601
038441c925bb,833,2018-08-14T16:39:25-0400,-16.4113,0.075
038441c925bb,834,2018-08-14T16:39:30-0400,-40.1575,0.1434
038441c925bb,835,2018-08-14T16:39:35-0400,-31.8816,0.0736
038441c925bb,836,2018-08-14T16:39:40-0400,-47.9436,0.0901
038441c925bb,837,2018-08-14T16:39:45-0400,-42.3072,0.0082
038441c925bb,838,2018-08-14T16:39:50-0400,-40.0399,0.027
038441c925bb,839,2018-08-14T16:39:55-0400,-23.66,0.0215
038441c925bb,840,2018-08-14T16:40:00-0400,-38.6146,0.057
038441c925bb,841,2018-08-14T16:40:05-0400,-69.8169,0.2738
038441c925bb,842,2018-08-14T16:40:10-0400,-10.9767,0.1118
038441c925bb,843,2018-08-14T16:40:15-0400,-7.5848,0.0666
038441c925bb,844,2018-08-14T16:40:20-0400,-7.795,0.079
038441c925bb,845,2018-08-14T16:40:25-0400,14.1998,0.0709
038441c925bb,846,2018-08-14T16:40:30-0400,33.4413,0.0276
038441c925bb,847,2018-08-14T16:40:35-0400,-23.9073,0.1321
038441c925bb,848,2018-08-14T16:40:40-0400,-7.5564,0.1106
038441c925bb,849,2018-08-14T16:40:45-0400,-0.5557,0.1866
038441c925bb,850,2018-08-14T16:40:50-0400,1.8696,0.4068
038441c925bb,851,2018-08-14T16:40:55-0400,-6.6108,0.349
038441c925bb,852,2018-08-14T16:41:00-0400,-13.2026,0.3438
038441c925bb,853,2018-08-14T16:41:05-0400,-3.2021,0.1154
038441c925bb,854,2018-08-14T16:41:10-0400,-2.8012,0.3114
038441c925bb,855,2018-08-14T16:41:15-0400,-11.3946,0.2538
038441c925bb,856,2018-08-14T16:41:20-0400,-15.5345,0.1173
038441c925bb,857,2018-08-14T16:41:25-0400,-8.1272,0.4199
038441c925bb,858,2018-08-14T16:41:30-0400,-14.4849,0.3528
038441c925bb,859,2018-08-14T16:41:35-0400,-26.7144,0.5561
038441c925bb,860,2018-08-14T16:41:40-0400,-7.2382,0.1372
038441c925bb,861,2018-08-14T16:41:45-0400,-0.4991,0.2361
038441c925bb,862,2018-08-14T16:41:50-0400,-5.5585,0.2107
038441c925bb,863,2018-08-14T16:41:55-0400,-6.7537,0.1542
038441c925bb,864,2018-08-14T16:42:00-0400,-4.2332,0.1404
038441c925bb,865,2018-08-14T16:42:05-0400,-15.4404,0.1308
038441c925bb,866,2018-08-14T16:42:10-0400,-48.0215,0.092
038441c925bb,867,2018-08-14T16:42:15-0400,-41.0426,0.0957
038441c925bb,868,2018-08-14T16:42:20-0400,-19.3715,0.196
038441c925bb,869,2018-08-14T16:42:25-0400,-27.8318,0.1218
038441c925bb,870,2018-08-14T16:42:30-0400,-36.4541,0.0876
038441c925bb,871,2018-08-14T16:42:35-0400,-2.8936,0.1389
038441c925bb,872,2018-08-14T16:42:40-0400,4.2365,0.106
038441c925bb,873,2018-08-14T16:42:45-0400,-5.869,0.108
038441c925bb,874,2018-08-14T16:42:50-0400,-7.5059,0.0888
038441c925bb,875,2018-08-14T16:42:55-0400,-0.9807,0.0955
038441c925bb,876,2018-08-14T16:43:00-0400,23.094,0.1242
038441c925bb,877,2018-08-14T16:43:05-0400,8.4096,0.0998
038441c925bb,878,2018-08-14T16:43:10-0400,-4.4044,0.1717
038441c925bb,879,2018-08-14T16:43:15-0400,34.7496,0.5903
038441c925bb,880,2018-08-14T16:43:20-0400,20.5747,0.3931
038441c925bb,881,2018-08-14T16:43:25-0400,10.4352,1.1848
038441c925bb,882,2018-08-14T16:43:30-0400,11.9419,1.1286
038441c925bb,883,2018-08-14T16:43:35-0400,9.7079,1.0932
038441c925bb,884,2018-08-14T16:43:40-0400,15.3024,0.9027
038441c925bb,885,2018-08-14T16:43:45-0400,-7.9466,0.0779
038441c925bb,886,2018-08-14T16:43:50-0400,-22.6327,0.0371
038441c925bb,887,2018-08-14T16:43:55-0400,-21.3014,0.0235
038441c925bb,888,2018-08-14T16:44:00-0400,-11.1254,0.2064
038441c925bb,889,2018-08-14T16:44:05-0400,-8.521,0.1694
038441c925bb,890,2018-08-14T16:44:10-0400,-10.4865,0.1362
038441c925bb,891,2018-08-14T16:44:15-0400,-2.5834,0.2148
038441c925bb,892,2018-08-14T16:44:20-0400,-12.7524,0.068
038441c925bb,893,2018-08-14T16:44:25-0400,-1.4354,0.1133
038441c925bb,894,2018-08-14T16:44:30-0400,-20.9921,0.131
038441c925bb,895,2018-08-14T16:44:35-0400,-11.7206,0.1922
038441c925bb,896,2018-08-14T16:44:40-0400,-8.1078,0.1094
038441c925bb,897,2018-08-14T16:44:45-0400,-8.9768,0.0442
038441c925bb,898,2018-08-14T16:44:50-0400,8.6761,0.0074
038441c925bb,899,2018-08-14T16:44:55-0400,16.2381,0.0396
038441c925bb,900,2018-08-14T16:45:00-0400,16.2312,0.0614
038441c925bb,901,2018-08-14T16:45:05-0400,-2.3615,0.1109
038441c925bb,902,2018-08-14T16:45:10-0400,-3.9885,0.091
038441c925bb,903,2018-08-14T16:45:15-0400,-3.4175,0.0805
038441c925bb,904,2018-08-14T16:45:20-0400,-4.611,0.1015
038441c925bb,905,2018-08-14T16:45:25-0400,0.653,0.0757
038441c925bb,906,2018-08-14T16:45:30-0400,1.4626,0.1302
038441c925bb,907,2018-08-14T16:45:35-0400,-2.7944,0.2157
038441c925bb,908,2018-08-14T16:45:40-0400,19.3666,0.04
038441c925bb,909,2018-08-14T16:45:45-0400,2.2454,0.0403
038441c925bb,910,2018-08-14T16:45:50-0400,22.3692,0.0278
038441c925bb,911,2018-08-14T16:45:55-0400,27.8361,0.0268
038441c925bb,912,2018-08-14T16:46:00-0400,-0.8101,0.0167
038441c925bb,913,2018-08-14T16:46:05-0400,-7.7478,0.0
038441c925bb,914,2018-08-14T16:46:10-0400,-7.9257,0.0054
038441c925bb,915,2018-08-14T16:46:15-0400,-11.4757,0.0617
038441c925bb,916,2018-08-14T16:46:20-0400,-21.7205,0.1438
038441c925bb,917,2018-08-14T16:46:25-0400,-36.8347,0.1287
038441c925bb,918,2018-08-14T16:46:30-0400,-2.6261,0.1995
038441c925bb,919,2018-08-14T16:46:35-0400,0.8061,0.1301
038441c925bb,920,2018-08-14T16:46:40-0400,-12.1117,0.1543
038441c925bb,921,2018-08-14T16:46:45-0400,-22.7297,0.0553
038441c925bb,922,2018-08-14T16:46:50-0400,-25.6033,0.0168
038441c925bb,923,2018-08-14T16:46:55-0400,-23.5184,0.0178
038441c925bb,924,2018-08-14T16:47:00-0400,-8.6577,0.0282
038441c925bb,925,2018-08-14T16:47:05-0400,-9.4054,0.0282
038441c925bb,926,2018-08-14T16:47:10-0400,-8.6322,0.0906
038441c925bb,927,2018-08-14T16:47:15-0400,-43.795,0.0894
038441c925bb,928,2018-08-14T16:47:20-0400,-54.0854,0.0548
038441c925bb,929,2018-08-14T16:47:25-0400,-9.8654,0.0931
038441c925bb,930,2018-08-14T16:47:30-0400,8.7336,0.0813
038441c925bb,931,2018-08-14T16:47:35-0400,5.5467,1.2233
038441c925bb,932,2018-08-14T16:47:40-0400,-2.3997,0.3895
038441c925bb,933,2018-08-14T16:47:45-0400,6.3652,0.912
038441c925bb,934,2018-08-14T16:47:50-0400,3.2553,0.5675
038441c925bb,935,2018-08-14T16:47:55-0400,0.9628,0.3176
038441c925bb,936,2018-08-14T16:48:00-0400,-24.5088,0.1882
038441c925bb,937,2018-08-14T16:48:05-0400,-36.9985,0.1424
038441c925bb,938,2018-08-14T16:48:10-0400,-16.0854,0.1042
038441c925bb,939,2018-08-14T16:48:15-0400,-9.2943,0.182
038441c925bb,940,2018-08-14T16:48:20-0400,-7.0071,0.1691
038441c925bb,941,2018-08-14T16:48:25-0400,5.106,0.1658
038441c925bb,942,2018-08-14T16:48:30-0400,28.302,0.1399
038441c925bb,943,2018-08-14T16:48:35-0400,-31.7672,0.1926
038441c925bb,944,2018-08-14T16:48:40-0400,-32.8715,0.1638
038441c925bb,945,2018-08-14T16:48:45-0400,-5.987,0.2098
038441c925bb,946,2018-08-14T16:48:50-0400,-9.1855,0.1427
038441c925bb,947,2018-08-14T16:48:55-0400,-65.1657,0.1229
038441c925bb,948,2018-08-14T16:49:00-0400,-14.3093,0.226
038441c925bb,949,2018-08-14T16:49:05-0400,-9.18,0.1707
038441c925bb,950,2018-08-14T16:49:10-0400,-16.0916,0.1339
038441c925bb,951,2018-08-14T16:49:15-0400,-25.3283,0.1395
038441c925bb,952,2018-08-14T16:49:20-0400,-35.0768,0.1229
038441c925bb,953,2018-08-14T16:49:25-0400,-18.9964,0.1072
038441c925bb,954,2018-08-14T16:49:30-0400,-5.0789,0.0662
038441c925bb,955,2018-08-14T16:49:35-0400,-1.4762,0.1925
038441c925bb,956,2018-08-14T16:49:40-0400,-4.7707,0.1948
038441c925bb,957,2018-08-14T16:49:45-0400,-22.7124,0.0974
038441c925bb,958,2018-08-14T16:49:50-0400,-32.2922,0.1099
038441c925bb,959,2018-08-14T16:49:55-0400,-20.3242,0.1433
038441c925bb,960,2018-08-14T16:50:00-0400,-10.5755,0.221
038441c925bb,961,2018-08-14T16:50:05-0400,-18.8661,0.1912
038441c925bb,962,2018-08-14T16:50:10-0400,-32.705,0.1278
038441c925bb,963,2018-08-14T16:50:15-0400,-33.2462,0.1087
038441c925bb,964,2018-08-14T16:50:20-0400,-21.2786,0.1072
038441c925bb,965,2018-08-14T16:50:25-0400,-6.1257,0.1145
038441c925bb,966,2018-08-14T16:50:30-0400,-13.658,0.0955
038441c925bb,967,2018-08-14T16:50:35-0400,-9.4381,0.4543
038441c925bb,968,2018-08-14T16:50:40-0400,-5.4184,0.2346
038441c925bb,969,2018-08-14T16:50:45-0400,-0.5203,0.16
038441c925bb,970,2018-08-14T16:50:50-0400,-2.2182,0.1692
038441c925bb,971,2018-08-14T16:50:55-0400,-0.5681,0.4086
038441c925bb,972,2018-08-14T16:51:00-0400,-36.7956,0.5754
038441c925bb,973,2018-08-14T16:51:05-0400,-16.3831,0.2555
038441c925bb,974,2018-08-14T16:51:10-0400,10.4321,0.4177
038441c925bb,975,2018-08-14T16:51:15-0400,3.3293,0.2304
038441c925bb,976,2018-08-14T16:51:20-0400,15.3028,0.4026
038441c925bb,977,2018-08-14T16:51:25-0400,-2.0948,0.3691
038441c925bb,978,2018-08-14T16:51:30-0400,2.8216,0.406
038441c925bb,979,2018-08-14T16:51:35-0400,3.6009,0.3307
038441c925bb,980,2018-08-14T16:51:40-0400,-1.356,0.2159
038441c925bb,981,2018-08-14T16:51:45-0400,-3.5199,0.2044
038441c925bb,982,2018-08-14T16:51:50-0400,-2.5456,0.1885
038441c925bb,983,2018-08-14T16:51:55-0400,-3.713,0.2817
038441c925bb,984,2018-08-14T16:52:00-0400,-5.2225,0.1697
038441c925bb,985,2018-08-14T16:52:05-0400,-13.6418,0.1615
038441c925bb,986,2018-08-14T16:52:10-0400,-10.1944,0.1672
038441c925bb,987,2018-08-14T16:52:15-0400,-27.7423,0.199
038441c925bb,988,2018-08-14T16:52:20-0400,-12.373,0.2553
038441c925bb,989,2018-08-14T16:52:25-0400,23.1531,0.3083
038441c925bb,990,2018-08-14T16:52:30-0400,-10.9729,0.1881
038441c925bb,991,2018-08-14T16:52:35-0400,-16.9427,0.1022
038441c925bb,992,2018-08-14T16:52:40-0400,-30.0701,0.1356
038441c925bb,993,2018-08-14T16:52:45-0400,-7.1126,0.1778
038441c925bb,994,2018-08-14T16:52:50-0400,-3.3086,0.0811
038441c925bb,995,2018-08-14T16:52:55-0400,-26.7138,0.124
038441c925bb,996,2018-08-14T16:53:00-0400,-36.9332,0.1431
038441c925bb,997,2018-08-14T16:53:05-0400,-1.6263,0.0525
038441c925bb,998,2018-08-14T16:53:10-0400,3.6232,0.0
038441c925bb,999,2018-08-14T16:53:15-0400,3.0015,0.0
